<?xml version="1.0" encoding="UTF-8"?>
<!DOCTYPE mapper PUBLIC "-//mybatis.org//DTD Mapper 3.0//EN" "http://mybatis.org/dtd/mybatis-3-mapper.dtd">
<mapper namespace="com.qf.data.core.dal.dao.worker.TbWorkerMapper">
  <resultMap id="BaseResultMap" type="com.qf.data.core.dal.po.WorkerPO">
    <id column="id" jdbcType="BIGINT" property="id" />
    <result column="name" jdbcType="VARCHAR" property="name" />
    <result column="gender" jdbcType="BIT" property="gender" />
    <result column="age" jdbcType="INTEGER" property="age" />
    <result column="work_type" jdbcType="BIT" property="workType" />
    <result column="status" jdbcType="BIT" property="status" />
    <result column="flag" jdbcType="BIT" property="flag" />
    <result column="gmt_created" jdbcType="TIMESTAMP" property="gmtCreated" />
    <result column="gmt_modified" jdbcType="TIMESTAMP" property="gmtModified" />
    <result column="is_deleted" jdbcType="BIT" property="isDeleted" />
    <result column="dep_id" jdbcType="BIGINT" property="depId" />
  </resultMap>
  <sql id="Base_Column_List">
    id, name, gender, age, work_type, status, flag, gmt_created, gmt_modified, is_deleted, 
    dep_id
  </sql>
  <select id="selectByPrimaryKey" parameterType="java.lang.Long" resultMap="BaseResultMap">
    select 
    <include refid="Base_Column_List" />
    from tb_worker
    where id = #{id,jdbcType=BIGINT}
  </select>
  <delete id="deleteByPrimaryKey" parameterType="java.lang.Long">
    delete from tb_worker
    where id = #{id,jdbcType=BIGINT}
  </delete>
  <insert id="insert" parameterType="com.qf.data.core.dal.po.WorkerPO">
    insert into tb_worker (id, name, gender, 
      age, work_type, status, flag, 
      gmt_created, gmt_modified, is_deleted, 
      dep_id)
    values (#{id,jdbcType=BIGINT}, #{name,jdbcType=VARCHAR}, #{gender,jdbcType=BIT}, 
      #{age,jdbcType=INTEGER}, #{workType,jdbcType=BIT}, #{status,jdbcType=BIT}, #{flag,jdbcType=BIT}, 
      #{gmtCreated,jdbcType=TIMESTAMP}, #{gmtModified,jdbcType=TIMESTAMP}, #{isDeleted,jdbcType=BIT}, 
      #{depId,jdbcType=BIGINT})
  </insert>
  <insert id="insertSelective" parameterType="com.qf.data.core.dal.po.WorkerPO">
    insert into tb_worker
    <trim prefix="(" suffix=")" suffixOverrides=",">
      <if test="id != null">
        id,
      </if>
      <if test="name != null">
        name,
      </if>
      <if test="gender != null">
        gender,
      </if>
      <if test="age != null">
        age,
      </if>
      <if test="workType != null">
        work_type,
      </if>
      <if test="status != null">
        status,
      </if>
      <if test="flag != null">
        flag,
      </if>
      <if test="gmtCreated != null">
        gmt_created,
      </if>
      <if test="gmtModified != null">
        gmt_modified,
      </if>
      <if test="isDeleted != null">
        is_deleted,
      </if>
      <if test="depId != null">
        dep_id,
      </if>
    </trim>
    <trim prefix="values (" suffix=")" suffixOverrides=",">
      <if test="id != null">
        #{id,jdbcType=BIGINT},
      </if>
      <if test="name != null">
        #{name,jdbcType=VARCHAR},
      </if>
      <if test="gender != null">
        #{gender,jdbcType=BIT},
      </if>
      <if test="age != null">
        #{age,jdbcType=INTEGER},
      </if>
      <if test="workType != null">
        #{workType,jdbcType=BIT},
      </if>
      <if test="status != null">
        #{status,jdbcType=BIT},
      </if>
      <if test="flag != null">
        #{flag,jdbcType=BIT},
      </if>
      <if test="gmtCreated != null">
        #{gmtCreated,jdbcType=TIMESTAMP},
      </if>
      <if test="gmtModified != null">
        #{gmtModified,jdbcType=TIMESTAMP},
      </if>
      <if test="isDeleted != null">
        #{isDeleted,jdbcType=BIT},
      </if>
      <if test="depId != null">
        #{depId,jdbcType=BIGINT},
      </if>
    </trim>
  </insert>
  <update id="updateByPrimaryKeySelective" parameterType="com.qf.data.core.dal.po.WorkerPO">
    update tb_worker
    <set>
      <if test="name != null">
        name = #{name,jdbcType=VARCHAR},
      </if>
      <if test="gender != null">
        gender = #{gender,jdbcType=BIT},
      </if>
      <if test="age != null">
        age = #{age,jdbcType=INTEGER},
      </if>
      <if test="workType != null">
        work_type = #{workType,jdbcType=BIT},
      </if>
      <if test="status != null">
        status = #{status,jdbcType=BIT},
      </if>
      <if test="flag != null">
        flag = #{flag,jdbcType=BIT},
      </if>
      <if test="gmtCreated != null">
        gmt_created = #{gmtCreated,jdbcType=TIMESTAMP},
      </if>
      <if test="gmtModified != null">
        gmt_modified = #{gmtModified,jdbcType=TIMESTAMP},
      </if>
      <if test="isDeleted != null">
        is_deleted = #{isDeleted,jdbcType=BIT},
      </if>
      <if test="depId != null">
        dep_id = #{depId,jdbcType=BIGINT},
      </if>
    </set>
    where id = #{id,jdbcType=BIGINT}
  </update>
  <update id="updateByPrimaryKey" parameterType="com.qf.data.core.dal.po.WorkerPO">
    update tb_worker
    set name = #{name,jdbcType=VARCHAR},
      gender = #{gender,jdbcType=BIT},
      age = #{age,jdbcType=INTEGER},
      work_type = #{workType,jdbcType=BIT},
      status = #{status,jdbcType=BIT},
      flag = #{flag,jdbcType=BIT},
      gmt_created = #{gmtCreated,jdbcType=TIMESTAMP},
      gmt_modified = #{gmtModified,jdbcType=TIMESTAMP},
      is_deleted = #{isDeleted,jdbcType=BIT},
      dep_id = #{depId,jdbcType=BIGINT}
    where id = #{id,jdbcType=BIGINT}
  </update>
</mapper>